{
  "frozen": {
    "accuracy": [
      0.9610433578491211,
      0.9664008617401123,
      0.970328152179718,
      0.9711147546768188
    ],
    "loss": [
      0.18970611691474915,
      0.16301599144935608,
      0.14287857711315155,
      0.1329944133758545
    ],
    "val_accuracy": [
      0.7609554529190063,
      0.7969367504119873,
      0.8123138546943665,
      0.7988816499710083
    ],
    "val_loss": [
      1.7466378211975098,
      1.4109675884246826,
      1.6537909507751465,
      1.8069231510162354
    ]
  },
  "fine_tune": {
    "accuracy": [
      0.3899417221546173,
      0.6617262959480286,
      0.7683817744255066
    ],
    "loss": [
      3.8395228385925293,
      1.1093684434890747,
      0.6156673431396484
    ],
    "val_accuracy": [
      0.8168115019798279,
      0.8184525370597839,
      0.7735975384712219
    ],
    "val_loss": [
      1.0130242109298706,
      1.234010100364685,
      1.4183939695358276
    ]
  },
  "test_loss": 1.1241090297698975,
  "test_accuracy": 0.80983966588974
}